

# 什么是数据库
## 1.1
  - 数据库：保持有组织的数据的文件 想象成一个文件柜
  - 表：文件柜中的文件，是一个结构化文件
  - 模式(schema)：数据库和表的布局及特性信息
### 1.1.3 列和数据类型
  - 列：表中的一个字段，所有表都是由一个列或者多个列组成。将数据正确分列极其重要
  - 数据类型(datatype) 每个表列中应该有相应的数据类型
  - 
### 1.1.4 行
- 行 表中的一个记录

### 1.1.5 主键 primary key
- 每一行中都应该有唯一标识自己的一列
- 任意两行都不具有相同的主键值
- 

# 第二章 检索数据

## 2.1 SELECT语句 2.2 检索单个列

- 使用SELECT语句需要知道：要选择什么，和从什么地方开始选
- `SELECT ... FROM;` 输入：`SELECT prod_name FROM Products;`
  - 结束必须以分号结束一句话
  - 不区分大小写，但是一般关键字大写，表和列名小写
- 输出
```sql
+----------------+
| prod_name      |
+----------------+
| .5 ton anvil   |
| 1 ton anvil    |
| 2 ton anvil    |
| Detonator      |
| Bird seed      |
| Carrots        |
| Fuses          |
| JetPack 1000   |
| JetPack 2000   |
| Oil can        |
| Safe           |
| Sling          |
| TNT (1 stick)  |
| TNT (5 sticks) |
+----------------+
```
## 2.3 检索多个列
- `SELECT prod_id,prod_name,prod_price FROM Products;`
- 使用逗号隔开
- 输出
```sql
+---------+----------------+------------+
| prod_id | prod_name      | prod_price |
+---------+----------------+------------+
| ANV01   | .5 ton anvil   |       5.99 |
| ANV02   | 1 ton anvil    |       9.99 |
| ANV03   | 2 ton anvil    |      14.99 |
| DTNTR   | Detonator      |      13.00 |
| FB      | Bird seed      |      10.00 |
| FC      | Carrots        |       2.50 |
| FU1     | Fuses          |       3.42 |
| JP1000  | JetPack 1000   |      35.00 |
| JP2000  | JetPack 2000   |      55.00 |
| OL1     | Oil can        |       8.99 |
| SAFE    | Safe           |      50.00 |
| SLING   | Sling          |       4.49 |
| TNT1    | TNT (1 stick)  |       2.50 |
| TNT2    | TNT (5 sticks) |      10.00 |
+---------+----------------+------------+
```
## 2.4 检索所有列
- `SELECT * FROM Products;` 使用统配符*


# 第三章 检索排序数据

## 3.1 排序数据
- 直接使用`SELECT ... FROM;` 检索的数据没有特定顺序 且这个顺序会按数据的插入或者删除 所以这个顺序是没有意义的
  - 子句(clause):SQL是由子句组成。有些子句是可选的，有些是必须的。例如`FROM`子句
  - 为了明确排序使用子句`ORDER BY`
  - 例如`SELECT prod_name FROM Products ORDER BY prod_name;`
  - 输出
## 3.2 按列排序数据
  - 多个列按某列排序：`SELECT prod_id,prod_name,prod_price FROM Products ORDER BY prod_price,prod_name;`
## 3.2 按列位置数据
  - 多个列按位置排序：`SELECT prod_id,prod_name,prod_price FROM Products ORDER BY 2,3;`
```sql
+----------------+
| prod_name      |
+----------------+
| .5 ton anvil   |
| 1 ton anvil    |
| 2 ton anvil    |
| Bird seed      |
| Carrots        |
| Detonator      |
| Fuses          |
| JetPack 1000   |
| JetPack 2000   |
| Oil can        |
| Safe           |
| Sling          |
| TNT (1 stick)  |
| TNT (5 sticks) |
+----------------+

+---------+----------------+------------+
| prod_id | prod_name      | prod_price |
+---------+----------------+------------+
| FC      | Carrots        |       2.50 |
| TNT1    | TNT (1 stick)  |       2.50 |
| FU1     | Fuses          |       3.42 |
| SLING   | Sling          |       4.49 |
| ANV01   | .5 ton anvil   |       5.99 |
| OL1     | Oil can        |       8.99 |
| ANV02   | 1 ton anvil    |       9.99 |
| FB      | Bird seed      |      10.00 |
| TNT2    | TNT (5 sticks) |      10.00 |
| DTNTR   | Detonator      |      13.00 |
| ANV03   | 2 ton anvil    |      14.99 |
| JP1000  | JetPack 1000   |      35.00 |
| SAFE    | Safe           |      50.00 |
| JP2000  | JetPack 2000   |      55.00 |
+---------+----------------+------------+

```
## 3.4 指定排序方向
- SQL中数据`ORDER BY`默认为升序
- `DESC`关键字 表示数据为为降序
- `SELECT prod_id,prod_name,prod_price FROM Products ORDER BY prod_name DESC;`
- 多个列排序？如何降序
  - `SELECT prod_id,prod_name,prod_price FROM Products ORDER BY prod_price DESC,prod_name;`
- `DESC`关键字**只应用到直接位于前面的列名**，如果想给多个列降序，必须在每个列名后面加关键字


# 第四章 过滤数据

## 4.1 使用where关键字
- 为啥有`WHERE` 关键字
  - 数据库表一般有大量数据，不需要检索所有行，所以用这个关键字挑一些出来。
- 用法：`SELECT prod_id,prod_name,prod_price FROM Products WHERE prod_price=55;`
  - 这个例子只是简单用了相等，但是不只有相等测试
- 如果关键字`ORDER BY`和`WHERE` 同时存在，`ORDER BY`应该在`WHERE`后面
```sql
+---------+--------------+------------+
| prod_id | prod_name    | prod_price |
+---------+--------------+------------+
| JP2000  | JetPack 2000 |      55.00 |
+---------+--------------+------------+
```

## 4.2 WHERE子句操作符
|  操作符  |  说明  |
|----|----|
|  `=`  |  等于  |
|  `<>`  |  不等于  |
|  `!=`  | 不等于   |
|  `< `|   小于 |
|  `<= ` |  小于等于  |
|  `!< ` |  不小于  |
| ` > ` | 大于  |
|  `>= ` |  大于等于  |
|  `!< ` |  不小于  |
|  `BETWEEN AND` |  在指定值之间  |
|  `IS NULL`  |  为NULL  |

### 4.2.1 检查单个值
- 列出价格小于10的所有产品\
`SELECT prod_id,prod_name,prod_price FROM Products WHERE prod_price<10;`
- 列出价格小于等于10的所有产品\
`SELECT prod_id,prod_name,prod_price FROM Products WHERE prod_price<=10;`


### 4.2.2 不匹配检查

- 列出不是由供应商1001制造的所有产品
  - `SELECT vend_id,prod_name FROM Products WHERE vend_id <> '1001';`
  - `SELECT vend_id,prod_name FROM Products WHERE vend_id != '1001';`
```sql
SELECT vend_id,prod_name FROM Products WHERE vend_id != '1001';
+---------+----------------+
| vend_id | prod_name      |
+---------+----------------+
|    1003 | Detonator      |
|    1003 | Bird seed      |
|    1003 | Carrots        |
|    1002 | Fuses          |
|    1005 | JetPack 1000   |
|    1005 | JetPack 2000   |
|    1002 | Oil can        |
|    1003 | Safe           |
|    1003 | Sling          |
|    1003 | TNT (1 stick)  |
|    1003 | TNT (5 sticks) |
+---------+----------------+

```
  - 单引号 用来限定字符串
  - !=和<> 可以互换使用 一般来说 （access不支持！=）
### 4.2.3 范围检查
- 必须使用`BETWEEN AND`
```sql
SELECT vend_id,prod_name FROM Products WHERE prod_price BETWEEN 5 AND 10;
+----------------+------------+
| prod_name      | prod_price |
+----------------+------------+
| .5 ton anvil   |       5.99 |
| 1 ton anvil    |       9.99 |
| Bird seed      |      10.00 |
| Oil can        |       8.99 |
| TNT (5 sticks) |      10.00 |
+----------------+------------+
```
### 4.2.4 空值检查- NULL 无值，与0，空字符串以及空格不同
```sql
SELECT vend_id,prod_name FROM Products WHERE prod_price IS NULL;
输出
Empty set (0.00 sec) 表示没有空值

SELECT vend_id FROM Vendors WHERE vend_state IS NULL;
+---------+
| vend_id |
+---------+
|    1005 |
|    1006 |
+---------+

```

# 第5章 高级数据过滤

## 5.1 组合WHERE语句

### 5.1.1 AND操作符
- 用AND操作给WHERE子句添加额外条件
```sql
SELECT prod_id,prod_price,prod_name FROM Products WHERE 
vend_id = 1001 AND prod_price<10;
+---------+------------+--------------+
| prod_id | prod_price | prod_name    |
+---------+------------+--------------+
| ANV01   |       5.99 | .5 ton anvil |
| ANV02   |       9.99 | 1 ton anvil  |
+---------+------------+--------------+
```
### 5.1.2 OR操作符
- 检测任一条件的行，如果OR前的语句已经满足就不查OR后面的列
```sql
SELECT prod_id,prod_price,prod_name FROM Products WHERE 
vend_id = 1001 OR prod_price<10; 
寄打印了vend_id=1001又打印了价格小于10的行
+---------+------------+---------------+
| prod_id | prod_price | prod_name     |
+---------+------------+---------------+
| ANV01   |       5.99 | .5 ton anvil  |
| ANV02   |       9.99 | 1 ton anvil   |
| ANV03   |      14.99 | 2 ton anvil   |
| FC      |       2.50 | Carrots       |
| FU1     |       3.42 | Fuses         |
| OL1     |       8.99 | Oil can       |
| SLING   |       4.49 | Sling         |
| TNT1    |       2.50 | TNT (1 stick) |
+---------+------------+---------------+
```
- 组合AND和OR ----sql语句会先看到AND，先处理AND
- WHERE子句中使用圆括号
```sql
//我想的是检索1001或1002中大于10的产品
SELECT prod_name,prod_price,vend_id
FROM Products
WHERE vend_id = 1001 OR vend_id = 1003 AND prod_price>10;
+--------------+------------+---------+
| prod_name    | prod_price | vend_id |
+--------------+------------+---------+
| .5 ton anvil |       5.99 |    1001 |
| 1 ton anvil  |       9.99 |    1001 |
| 2 ton anvil  |      14.99 |    1001 |
| Detonator    |      13.00 |    1003 |
| Safe         |      50.00 |    1003 |
+--------------+------------+---------+
//输出显然不对，有小于10的被检索 ,因为先算了AND 得到了大于10的1003生产的物品，或者1001生产的
//因此要用括号
SELECT prod_name,prod_price,vend_id
FROM Products
WHERE (vend_id = 1001 OR vend_id = 1003) AND prod_price>10;

+-------------+------------+---------+
| prod_name   | prod_price | vend_id |
+-------------+------------+---------+
| 2 ton anvil |      14.99 |    1001 |
| Detonator   |      13.00 |    1003 |
| Safe        |      50.00 |    1003 |
+-------------+------------+---------+
```
### IN操作符
- IN操作符用来指定条件范围，和OR是一样的工作
- 优点是用长的合法选项清单时 IN语法更为清晰
- IN执行比OR更快
- 最大的优点是可以包含其他`SELECT`语句,使得更动态建立WHERE语句

```sql
SELECT prod_name,prod_price,vend_id
FROM Products
WHERE vend_id IN('1001','1003') //选择1001，1003中的所有行
ORDER BY prod_name;
+----------------+------------+---------+
| prod_name      | prod_price | vend_id |
+----------------+------------+---------+
| .5 ton anvil   |       5.99 |    1001 |
| 1 ton anvil    |       9.99 |    1001 |
| 2 ton anvil    |      14.99 |    1001 |
| Bird seed      |      10.00 |    1003 |
| Carrots        |       2.50 |    1003 |
| Detonator      |      13.00 |    1003 |
| Safe           |      50.00 |    1003 |
| Sling          |       4.49 |    1003 |
| TNT (1 stick)  |       2.50 |    1003 |
| TNT (5 sticks) |      10.00 |    1003 |
+----------------+------------+---------+
```

### NOT操作符
- 否定它之后的所有条件,所有判断的跟在他后面！！
- 检索除了1001之外的所有供应商产品
- `NOT`在复杂子句中更有优势
```sql
SELECT prod_name,vend_id
FROM Products
WHERE NOT vend_id=1001
ORDER BY prod_name;

SELECT prod_name,vend_id
FROM Products
WHERE vend_id<>1001
ORDER BY prod_name;

+----------------+---------+
| prod_name      | vend_id |
+----------------+---------+
| Detonator      |    1003 |
| Bird seed      |    1003 |
| Carrots        |    1003 |
| Fuses          |    1002 |
| JetPack 1000   |    1005 |
| JetPack 2000   |    1005 |
| Oil can        |    1002 |
| Safe           |    1003 |
| Sling          |    1003 |
| TNT (1 stick)  |    1003 |
| TNT (5 sticks) |    1003 |
+----------------+---------+
```

# 第六章 用通配符进行过滤

## 6.1 LIKE操作符
- 通配符：用来匹配一部分的特殊字符
- 搜索模式：由字面值，通配符两者构成的搜索条件
- LIKE 谓词
### 6.1.1 百分号%通配符
- 最常使用的通配符百分号 %表示任意字符出现任意次数
- 区分大小写
- 注意后面跟的空格,例如J%0想找J开头0结尾的名字，但是因为中间有空格 因此认为不是0结尾
```sql
SELECT prod_name,prod_price
FROM Products
WHERE prod_name LIKE 'Je%';

SELECT prod_name
FROM Products
WHERE prod_name LIKE 'J%0';

+--------------+------------+
| prod_name    | prod_price |
+--------------+------------+
| JetPack 1000 |      35.00 |
| JetPack 2000 |      55.00 |
+--------------+------------+
```
### 6.1.2 下划线_通配符
- 只匹配单个字符
```sql
SELECT prod_name,prod_price
FROM Products
WHERE prod_name LIKE 'Detona_or';

+-----------+------------+
| prod_name | prod_price |
+-----------+------------+
| Detonator |      13.00 |
+-----------+------------+

SELECT prod_name,prod_price
FROM Products
WHERE prod_name LIKE 'JetPack 10_';
//无法匹配

```
### 6.1.3 方括号[]通配符

```sql
SELECT prod_name,prod_price
FROM Products
WHERE prod_name LIKE '[J]%';


```

# 第7章 创建计算字段

## 计算字段
- 直接从数据库中检索出转换，计算或者格式化过的数据

- **字段（field）与列（column）**意思相近，经常互换使用，数据库列一般称为列，而字段通常与用在计算字段的连接上

## 拼接字段
- 拼接：将值联结到一起构成一个单个值。拼接两列
- 操作符： `+或者||`,||作为首选
- mysql中不支持||作为拼接，而是使用CONCAT
  - `'(',vend_country,')'` 实际上是设置拼接后显示的格式
- RTRIM()函数正确格式化数据，去掉空格
```sql
SELECT CONCAT (vend_name,'(',vend_country,')') 
FROM Vendors 
ORDER BY vend_name;

+-------------------------------------------------------+
| CONCAT (RTRIM(vend_name),'(',RTRIM(vend_country),')') |
+-------------------------------------------------------+
| ACME(USA)                                             |
| Anvils R Us(USA)                                      |
| Furball Inc.(USA)                                     |
| Jet Set(England)                                      |
| Jouets Et Ours(France)                                |
| LT Supplies(USA)                                      |
+-------------------------------------------------------+
```

- **使用别名**
  - AS关键字，使用别名
```sql
SELECT CONCAT (RTRIM(vend_name),'(',RTRIM(vend_country),')') 
AS vend_title  
FROM Vendors ORDER BY vend_name;
+------------------------+
| vend_title             |
+------------------------+
| ACME(USA)              |
| Anvils R Us(USA)       |
| Furball Inc.(USA)      |
| Jet Set(England)       |
| Jouets Et Ours(France) |
| LT Supplies(USA)       |
+------------------------+
```
- 别名的其他用途：在原来易混的基础上扩充


## 执行算术计算

```sql
mysql> SELECT prod_id, 
quantity, 
item_price, 
quantity*item_price AS expanded_price 
FROM orderitems 
WHERE order_num = 20008;
+---------+----------+------------+----------------+
| prod_id | quantity | item_price | expanded_price |
+---------+----------+------------+----------------+
| FC      |       50 |       2.50 |         125.00 |
+---------+----------+------------+----------------+
```

# 函数
<center>
  <img style="border-radius: 1.125em;
  box-shadow: 0 2px 4px 0 rgba(34,36,38,.12),0 2px 10px 0 rgba(34,36,38,.08);"
  src=img/2021-06-30-11-07-27.png
width=450px>
</center>
<center>
  <img style="border-radius: 1.125em;
  box-shadow: 0 2px 4px 0 rgba(34,36,38,.12),0 2px 10px 0 rgba(34,36,38,.08);"
  src=img/2021-06-30-11-08-06.png
width=450px>
</center>

### 文本处理函数
- UPPER:将文本转为大写
<center>
  <img style="border-radius: 1.125em;
  box-shadow: 0 2px 4px 0 rgba(34,36,38,.12),0 2px 10px 0 rgba(34,36,38,.08);"
  src=img/2021-06-30-11-10-15.png
width=450px>
</center>

- SOUNDEX()：将本串转换为其语音表示的字母数字模式的算法，类似发音的字符或者字节
```sql
mysql> SELECT UPPER(vend_name),vend_country FROM Vendors;
+------------------+--------------+
| UPPER(vend_name) | vend_country |
+------------------+--------------+
| ANVILS R US      | USA          |
| LT SUPPLIES      | USA          |
| ACME             | USA          |
| FURBALL INC.     | USA          |
| JET SET          | England      |
| JOUETS ET OURS   | France       |
+------------------+--------------+


```

### 日期和时间处理函数

- mysql中从YEAR()函数从日期中提取年份

### 数值处理函数
<center>
  <img style="border-radius: 1.125em;
  box-shadow: 0 2px 4px 0 rgba(34,36,38,.12),0 2px 10px 0 rgba(34,36,38,.08);"
  src=img/2021-06-30-11-19-30.png
width=450px>
</center>



# 汇总数据

- AVG函数：参数中必须指定列名，计算某一列的平均值，计算多列 要用多个函数
  - 可以返回特定列或者行的平均值，利用WHERE过滤
```sql
mysql> SELECT AVG(prod_price) AS avg_price FROM Products;
+-----------+
| avg_price |
+-----------+
| 16.133571 |
+-----------+
1 row in set (0.01 sec)

mysql> SELECT AVG(prod_price) AS avg_price FROM Products WHERE vend_id = '1001';
+-----------+
| avg_price |
+-----------+
| 10.323333 |
+-----------+
1 row in set (0.00 sec)

```

### COUNT函数
- 计数，可以计算行数和特定条件的行的数目
- 指定某一列对有值的行进行统计
```sql
mysql> SELECT COUNT(*) AS num_prods
    -> FROM Products
    -> WHERE vend_id = '1001';
+-----------+
| num_prods |
+-----------+
|         3 |
+-----------+
1 row in set (0.00 sec)
```
### MAX函数
- MAX()返回列中的最大值。MAX要求指定列名

### MIN函数

### SUM函数

### 聚焦不同的值
- DISTINCT 函数


## 组合聚集函数

- 可以包含多个聚集函数，同时求平均值，最大值，最小值，会生成多列

# ch10 分组数据

- GROUP BY 子句
- HAVING子句

## 创建分组
- GROUP BY vend_id; 按相同的id分组
```sql
mysql> SELECT vend_id, COUNT(*) AS num_prods 
FROM Products GROUP BY vend_id; 
+---------+-----------+
| vend_id | num_prods |
+---------+-----------+
|    1001 |         3 |
|    1002 |         2 |
|    1003 |         7 |
|    1005 |         2 |
+---------+-----------+
4 rows in set (0.00 sec)
```
- GROUP BY 出现在 WHERE子句之后，ORDER BY语句之前
## 过滤分组

- WHERE过滤指定的是列，而不是分组
- 使用HAVING子句。类似于WHERE。WHERE过滤行，而HAVING过滤分组
- HVAING支持4，5章中WHERE所有的操作符
```sql

mysql> SELECT vend_id, COUNT(*) AS num_prods FROM Products GROUP BY vend_id HAVING COUNT(*)>=3;
+---------+-----------+
| vend_id | num_prods |
+---------+-----------+
|    1001 |         3 |
|    1003 |         7 |
+---------+-----------+
```

- WHERE在数据分组前进行过滤，HAVING在数据分组后过滤分组
```c
mysql> SELECT vend_id,COUNT(*) AS num_prods FROM Products WHERE prod_price>=4  GROUP BY vend_id HAVING COUNT(*)>=3;
+---------+-----------+
| vend_id | num_prods |
+---------+-----------+
|    1001 |         3 |
|    1003 |         5 |
+---------+-----------+
```

## 分组和排序
ORDER BY 和 GROUP BY经常完成相同的工作，但实际非常不同
<center>
  <img style="border-radius: 1.125em;
  box-shadow: 0 2px 4px 0 rgba(34,36,38,.12),0 2px 10px 0 rgba(34,36,38,.08);"
  src=img/2021-07-02-11-08-25.png
width=450px>
</center>

- 不要忘记ORDER BY,一般在分组GROUP BY后都需要ORDER BY。

## SELECT子句顺序
<center>
  <img style="border-radius: 1.125em;
  box-shadow: 0 2px 4px 0 rgba(34,36,38,.12),0 2px 10px 0 rgba(34,36,38,.08);"
  src=img/2021-07-02-11-11-07.png
width=450px>

</center>


# ch11 使用子查询

- 查询一般指SELECT语句
```c
SELECT cust_name,cust_contact
FROM Customers
WHERE cust_id IN(SELECT order_num FROM OrderItems
        WHERE order_num IN(SELECT))
```

## 作为计算字段使用子查询
```sql
SELECT cust_name,cust_state,
(SELECT COUNT(*)
        FROM orders
        WHERE Orders.cust_id = Customers.cust_id ) AS orders

        FROM Customers
        ORDER BY cust_name;
```

# ch12 联结表

- 数据查询执行中联结（join）表
- 为什么要使用联结表：多个表能够更加有效的存储，更方便的处理。并具有更大的伸缩性。
  ```sql
  SELECT vend_name,prod_name,prod_price
  FROM Vendors,products
  WHERE Vendors.vend_id = Products.vend_id;



  +-------------+----------------+------------+
  | vend_name   | prod_name      | prod_price |
  +-------------+----------------+------------+
  | Anvils R Us | .5 ton anvil   |       5.99 |
  | Anvils R Us | 1 ton anvil    |       9.99 |
  | Anvils R Us | 2 ton anvil    |      14.99 |
  | LT Supplies | Fuses          |       3.42 |
  | LT Supplies | Oil can        |       8.99 |
  | ACME        | Detonator      |      13.00 |
  | ACME        | Bird seed      |      10.00 |
  | ACME        | Carrots        |       2.50 |
  | ACME        | Safe           |      50.00 |
  | ACME        | Sling          |       4.49 |
  | ACME        | TNT (1 stick)  |       2.50 |
  | ACME        | TNT (5 sticks) |      10.00 |
  | Jet Set     | JetPack 1000   |      35.00 |
  | Jet Set     | JetPack 2000   |      55.00 |
  +-------------+----------------+------------+


  ```
  - prod_name和prod_price在一个表中，而vend_name在另一个表中。
  - WHERE Vendors.vend_id = Products.vend_id;表示联结

### 内部联结
- 目前为止所用的联结都是等值联结，基于两个表之间的相等测试（也称内部联结）
```sql
  SELECT vend_name,prod_name,prod_price   
  FROM Vendors INNER JOIN products   
  WHERE Vendors.vend_id = Products.vend_id;
```

### 联结多个表
- 多个表的联结非常耗费资源
  ```sql
  SELECT vend_name,prod_name,prod_price,quantity
  FROM Vendors,products,orderitems  
  WHERE Vendors.vend_id = Products.vend_id
        AND OrderItems.prod_id = products.prod_id
        AND order_num = 20007;

  | vend_name | prod_name      | prod_price | quantity |
  +-----------+----------------+------------+----------+
  | ACME      | TNT (5 sticks) |      10.00 |      100 |
  +-----------+----------------+------------+----------
  ```



  # ch13 创建高级联结

  ## 使用表别名
  ```sql
  SELECT RTRIM(vend_name) +'('+RTRIM(vend_country)+')' AS vend_title
  FROM Vendors
  ORDER BY vend_name;
  ```

  - AS 创建别名
  - 可以缩短SQL语句
  - 在单条SELECT语句中多次使用相同的表



## 自联结
- 使用子查询
  ```sql
  SELECT cust_id,cust_name,cust_contact
  FROM Customers
  WHERE cust_name = (
    SELECT cust_name
    FROM Customers
    WHERE cust_contact = 'Jim_Jones'
  );
  //自连接效率更快
  SELECT cust_id,cust_name,cust_contact
  FROM Customers AS c1,Customers AS c2
  WHERE c1.cust_name = c2.cust_name
  AND c2.cust_contact = 'Jim_Jones'
  );
  ```


### 自然联结

- 自然联结排除多次出现，每个列只返回一次
- 你只能选择那些唯一的列，通过通配符`SELECT *`来完成
  ```sql
  SELECT C.*,O.order_num,O.order_date,O.prod_id,
  OI.quantity,OI.item_price
  FROM Customers AS C,Orders AS O, OrderItems AS OI

  WHERE C.cust_id = O.cust_id
  AND OI.order_num = O.order_num
  AND prod_id = 'RGAN01'
  ```

### 外部联结
- 许多联结将一个表中的行与另一个表中的行相关联，但是有时候需要包含没有关联行的那些行
- 左外部联结和右部联结
  - LEFT OUTER JOIN 和 RIGHT OUTER JOIN，从左/右表检索所有行
  - 也可以用 *= 表示左联结
  - 对每个客户下了多少订单进行统计，包含没有人订购的产品
  ```sql
  SELECT vend_name,prod_name,prod_price   
  FROM Vendors LEFT OUTER JOIN products   
  WHERE Vendors.vend_id = Products.vend_id;
  ```


## 带聚集函数的联结
- 汇总函数可以与多个表联结使用
```sql
SELECT Customers.cust_id,COUNT(Orders.order_num) AS
num_ord
FROM Customers INNER JOIN Orders
WHERE Customers.cust_id = Orders.cust_id
GROUP BY Customers.cust_id;

+---------+---------+
| cust_id | num_ord |
+---------+---------+
|   10001 |       2 |
|   10003 |       1 |
|   10004 |       1 |
|   10005 |       1 |
+---------+---------+


SELECT Customers.cust_id,Orders.order_num
FROM Customers INNER JOIN Orders
//不给联结条件，因此是笛卡尔积


SELECT Customers.cust_id,COUNT(Orders.order_num) AS
num_ord
FROM Customers LEFT OUTER JOIN Orders
ON Customers.cust_id = Orders.cust_id
GROUP BY Customers.cust_id;


+---------+---------+
| cust_id | num_ord |
+---------+---------+
|   10001 |       2 |
|   10002 |       0 |
|   10003 |       1 |
|   10004 |       1 |
|   10005 |       1 |
+---------+---------+

SELECT Customers.cust_id,COUNT(Orders.order_num) AS
num_ord
FROM Customers RIGHT OUTER JOIN Orders
ON Customers.cust_id = Orders.cust_id
GROUP BY Customers.cust_id;
// 从右边选了所有行
| cust_id | num_ord |
+---------+---------+
|   10001 |       2 |
|   10003 |       1 |
|   10004 |       1 |
|   10005 |       1 |
+---------+---------+

```



# ch14 组合查询

- 利用UNION操作符将多条SELECT语句组合成一个结果集
- 复合查询
- 在单个查询中从不同的表类似返回数据结构
- 对单个表执行多个查询，按单个查询返回数据

### 使用UNION
```sql
SELECT cust_name,cust_contact,cust_email,cust_state
FROM Customers
WHERE cust_state IN ('IL','IN','MI')
UNION
SELECT cust_name,cust_contact,cust_email,cust_state
FROM Customers
WHERE cust_name = 'Mouse House';

+-------------+--------------+---------------------+------------+
| cust_name   | cust_contact | cust_email          | cust_state |
+-------------+--------------+---------------------+------------+
| Coyote Inc. | Y Lee        | ylee@coyote.com     | MI         |
| Wascals     | Jim Jones    | rabbit@wascally.com | IN         |
| E Fudd      | E Fudd       | NULL                | IL         |
| Mouse House | Jerry Mouse  | NULL                | OH         |
+-------------+--------------+---------------------+------------+
```


### union规则
- UNION必须由两条以上的SELECT语句组成。语句之间用关键字UNION分隔。
- UNION中的每个查询必须包含相同的列，表达式，或者聚集函数
- 列数据类型必须兼容

### 包含或取消重复的行
- 自动去除重复的行
- 如果不想去除所有重复行，可使用UNION ALL

### 对组合查询结果排序

- 加上ORDER BY
  ```sql
  SELECT cust_name,cust_contact,cust_email,cust_state
  FROM Customers
  WHERE cust_state IN ('IL','IN','MI')
  UNION
  SELECT cust_name,cust_contact,cust_email,cust_state
  FROM Customers
  WHERE cust_name = 'Mouse House'
  ORDER BY cust_name;

  ```


# ch15 数据插入

- INSERT语句。
  - 插入完整的行
  - 插入行的一部分
  - 插入某些查询的结果

### 插入完整的行
```sql
INSERT INTO Customers
VALUE ('1000006','Toy land','123 any stree','New york','NY','1111','USA',NULL,NULL);
```

- 更安全的方法是加入列名

### 插入部分行

```sql
INSERT INTO Customers(
  cust_id,
  cust_name,
  cust_address,
  cust_city,
  cust_state,
  cust_zip,
  cust_country)
VALUE ('100000777','Toy land','123 any stree','New york','NY','1111','USA');
```

### 插入检索出的数据
- 将SELECT语句的结果插入表中
  ```sql
  INSERT INTO Customers(
  cust_id,
  cust_name,
  cust_address,
  cust_city,
  cust_state,
  cust_zip,
  cust_country)
  SELECT cust_id,
  cust_name,
  cust_address,
  cust_city,
  cust_state,
  cust_zip,
  cust_country
  FROM CustNew;
  ```




## 从一个表复制一个表

- INSERT SELECT 和 SELECT INTO

```sql
SELECT * 
INTO CustCopy 
FROM Customers;
```

# ch16 更新和删除数据

## 更新数据

- UPDATE语句
  - 更新表中特定行
  - 更新表中所有行
- 使用
  - 要更新的表
  - 列名和他们的新值
  - 确定要更新哪些行的过滤条件

```sql
UPDATE Customers
SET cust_email = 'kim@thetoy.com'
WHERE cust_id = '10001';


UPDATE Customers
SET cust_email = 'kim@thy.com',cust_contact = 'sam'
WHERE cust_id = '10001';
```

## 删除数据
- DELETE数据 
- 不要省略WHERE语句，稍不注意就删除所有行了
  ```sql
  DELETE FROM Customers
  WHERE cust_id = '1000006';
  ```

- 更快的删除：TRUNCATE TABLE 


# ch17 创建和操纵表
- CREATE TABLE
- 后跟列名，类型，
  ```sql
  CREATE TABLE ProductsCopy
  (
    prod_id CHAR(10) NOT NULL,
    vend_id CHAR(10) NOT NULL,
    prod_name CHAR(254) NOT NULL,
    prod_price  DECIMAL(8,2) NOT NULL,
    prod_desc VARCHAR(1000)  NULL
  );
  ```


### 指定默认值

- 后面跟DEFAULT 



### 删除表
- DROP TABLE CustCopy



# ch18 使用视图

- 视图是虚拟的表。使用时动态检索数据的查询
  ```sql
  SELECT cust_name,cust_contact
  FROM ProductCustomers
  WHERE prod_id = 'RGAN01';
  ```
  - ProductCustomers是一个视图

- 为什么使用视图？
  - 重用SQL语句
  - 简化复杂的SQL操作。
  - 使用表的组成部分而不是整个表
  - 保护数据
  - 更改数据格式和表示
- 视图创建后，与基本用表的方式相同，如SELECT
  

## 创建视图
- CREATE VIEW
  ```sql
  CREATE VIEW ProductCustomers AS
  SELECT cust_name,cust_contact,prod_id
  FROM Customers,Orders,orderitems
  WHERE Customers.cust_id = Orders.cust_id
  AND orderitems.order_num = Orders.order_num;
  ```
- DROP VIEW viewname;删除视图

### 利用视图简化联结
```sql
SELECT * FROM ProductCustomers;

mysql> SELECT * FROM ProductCustomers;
+----------------+--------------+---------+
| cust_name      | cust_contact | prod_id |
+----------------+--------------+---------+
| Coyote Inc.    | sam          | ANV01   |
| Coyote Inc.    | sam          | ANV02   |
| Coyote Inc.    | sam          | TNT2    |
| Coyote Inc.    | sam          | FB      |
| Coyote Inc.    | sam          | FB      |
| Coyote Inc.    | sam          | OL1     |
| Coyote Inc.    | sam          | SLING   |
| Coyote Inc.    | sam          | ANV03   |
| Wascals        | Jim Jones    | JP2000  |
| Yosemite Place | Y Sam        | TNT2    |
| E Fudd         | E Fudd       | FC      |
+----------------+--------------+---------+


SELECT cust_name,cust_contact
FROM ProductCustomers
WHERE prod_id = 'FB';
```

### 利用视图重新格式化索引出的数据
```sql
CREATE VIEW  VendorLocations AS
SELECT CONCAT (RTRIM(vend_name),'(',RTRIM(vend_country),')') 
AS vend_title  
FROM Vendors;

SELECT * FROM VendorLocations;
+------------------------+
| vend_title             |
+------------------------+
| Anvils R Us(USA)       |
| LT Supplies(USA)       |
| ACME(USA)              |
| Furball Inc.(USA)      |
| Jet Set(England)       |
| Jouets Et Ours(France) |
+------------------------+
6 rows in set (0.00 sec)
```

### 用视图过滤不想要的数据
```sql
CREATE VIEW CustomersEmailList AS
SELECT cust_id,cust_name,cust_email
FROM Customers
WHERE cust_email IS NOT NULL;


SELECT * FROM CustomersEmailList;

```

### 使用视图与计算字段




# ch19 使用存储过程

## 存储过程
- 为以后使用而保存的一条或多条SQL语句的集合。可将其视为批文件

### 创建存储过程
- CREATE PROCEDURE
  ```sql
  CREATE PROCEDURE MailingListCount
  (ListCount OUT NUMBER)
  IS
  BEGIN
    SELECT * FROM Customers
    WHERE NOT cust_email IS NULL;
    ListCount := SQL % ROWCOUNT;
  END;
  ```


# ch20 事务处理

## 事务处理
- 事务处理用于维护数据的完整性




# ch21 游标
- 用来记录操作


# 高级特性

## 约束

### 主键
